[
  {
    "name": "Application Start",
    "start": 1536649570337,
    "end": 1536649571156,
    "duration": 819,
    "pid": 27744,
    "index": 0
  },
  {
    "name": "Load Plugin",
    "start": 1536649570343,
    "end": 1536649570353,
    "duration": 10,
    "pid": 27744,
    "index": 1
  },
  {
    "name": "Load Config",
    "start": 1536649570354,
    "end": 1536649570368,
    "duration": 14,
    "pid": 27744,
    "index": 2
  },
  {
    "name": "Require(0) config/config.default.js",
    "start": 1536649570354,
    "end": 1536649570354,
    "duration": 0,
    "pid": 27744,
    "index": 3
  },
  {
    "name": "Require(1) node_modules/egg-session/config/config.default.js",
    "start": 1536649570355,
    "end": 1536649570356,
    "duration": 1,
    "pid": 27744,
    "index": 4
  },
  {
    "name": "Require(2) node_modules/egg-security/config/config.default.js",
    "start": 1536649570356,
    "end": 1536649570356,
    "duration": 0,
    "pid": 27744,
    "index": 5
  },
  {
    "name": "Require(3) node_modules/egg-jsonp/config/config.default.js",
    "start": 1536649570357,
    "end": 1536649570357,
    "duration": 0,
    "pid": 27744,
    "index": 6
  },
  {
    "name": "Require(4) node_modules/egg-onerror/config/config.default.js",
    "start": 1536649570357,
    "end": 1536649570358,
    "duration": 1,
    "pid": 27744,
    "index": 7
  },
  {
    "name": "Require(5) node_modules/egg-i18n/config/config.default.js",
    "start": 1536649570358,
    "end": 1536649570358,
    "duration": 0,
    "pid": 27744,
    "index": 8
  },
  {
    "name": "Require(6) node_modules/egg-watcher/config/config.default.js",
    "start": 1536649570359,
    "end": 1536649570359,
    "duration": 0,
    "pid": 27744,
    "index": 9
  },
  {
    "name": "Require(7) node_modules/egg-multipart/config/config.default.js",
    "start": 1536649570359,
    "end": 1536649570360,
    "duration": 1,
    "pid": 27744,
    "index": 10
  },
  {
    "name": "Require(8) node_modules/egg-development/config/config.default.js",
    "start": 1536649570360,
    "end": 1536649570360,
    "duration": 0,
    "pid": 27744,
    "index": 11
  },
  {
    "name": "Require(9) node_modules/egg-schedule/config/config.default.js",
    "start": 1536649570360,
    "end": 1536649570361,
    "duration": 1,
    "pid": 27744,
    "index": 12
  },
  {
    "name": "Require(10) node_modules/egg-logrotator/config/config.default.js",
    "start": 1536649570361,
    "end": 1536649570362,
    "duration": 1,
    "pid": 27744,
    "index": 13
  },
  {
    "name": "Require(11) node_modules/egg-static/config/config.default.js",
    "start": 1536649570362,
    "end": 1536649570362,
    "duration": 0,
    "pid": 27744,
    "index": 14
  },
  {
    "name": "Require(12) node_modules/egg-view/config/config.default.js",
    "start": 1536649570362,
    "end": 1536649570363,
    "duration": 1,
    "pid": 27744,
    "index": 15
  },
  {
    "name": "Require(13) node_modules/egg/config/config.default.js",
    "start": 1536649570363,
    "end": 1536649570364,
    "duration": 1,
    "pid": 27744,
    "index": 16
  },
  {
    "name": "Require(14) config/config.default.js",
    "start": 1536649570365,
    "end": 1536649570365,
    "duration": 0,
    "pid": 27744,
    "index": 17
  },
  {
    "name": "Require(15) node_modules/egg-security/config/config.local.js",
    "start": 1536649570365,
    "end": 1536649570366,
    "duration": 1,
    "pid": 27744,
    "index": 18
  },
  {
    "name": "Require(16) node_modules/egg-watcher/config/config.local.js",
    "start": 1536649570366,
    "end": 1536649570366,
    "duration": 0,
    "pid": 27744,
    "index": 19
  },
  {
    "name": "Require(17) node_modules/egg-view/config/config.local.js",
    "start": 1536649570367,
    "end": 1536649570367,
    "duration": 0,
    "pid": 27744,
    "index": 20
  },
  {
    "name": "Require(18) node_modules/egg/config/config.local.js",
    "start": 1536649570367,
    "end": 1536649570368,
    "duration": 1,
    "pid": 27744,
    "index": 21
  },
  {
    "name": "Load extend/application.js",
    "start": 1536649570369,
    "end": 1536649570377,
    "duration": 8,
    "pid": 27744,
    "index": 22
  },
  {
    "name": "Require(19) node_modules/egg-session/app/extend/application.js",
    "start": 1536649570369,
    "end": 1536649570370,
    "duration": 1,
    "pid": 27744,
    "index": 23
  },
  {
    "name": "Require(20) node_modules/egg-security/app/extend/application.js",
    "start": 1536649570370,
    "end": 1536649570371,
    "duration": 1,
    "pid": 27744,
    "index": 24
  },
  {
    "name": "Require(21) node_modules/egg-jsonp/app/extend/application.js",
    "start": 1536649570371,
    "end": 1536649570372,
    "duration": 1,
    "pid": 27744,
    "index": 25
  },
  {
    "name": "Require(22) node_modules/egg-logrotator/app/extend/application.js",
    "start": 1536649570373,
    "end": 1536649570374,
    "duration": 1,
    "pid": 27744,
    "index": 26
  },
  {
    "name": "Require(23) node_modules/egg-view/app/extend/application.js",
    "start": 1536649570375,
    "end": 1536649570376,
    "duration": 1,
    "pid": 27744,
    "index": 27
  },
  {
    "name": "Load extend/request.js",
    "start": 1536649570377,
    "end": 1536649570385,
    "duration": 8,
    "pid": 27744,
    "index": 28
  },
  {
    "name": "Require(24) node_modules/egg/app/extend/request.js",
    "start": 1536649570378,
    "end": 1536649570384,
    "duration": 6,
    "pid": 27744,
    "index": 29
  },
  {
    "name": "Load extend/response.js",
    "start": 1536649570385,
    "end": 1536649570397,
    "duration": 12,
    "pid": 27744,
    "index": 30
  },
  {
    "name": "Require(25) node_modules/egg/app/extend/response.js",
    "start": 1536649570386,
    "end": 1536649570396,
    "duration": 10,
    "pid": 27744,
    "index": 31
  },
  {
    "name": "Load extend/context.js",
    "start": 1536649570397,
    "end": 1536649570557,
    "duration": 160,
    "pid": 27744,
    "index": 32
  },
  {
    "name": "Require(26) node_modules/egg-security/app/extend/context.js",
    "start": 1536649570397,
    "end": 1536649570420,
    "duration": 23,
    "pid": 27744,
    "index": 33
  },
  {
    "name": "Require(27) node_modules/egg-jsonp/app/extend/context.js",
    "start": 1536649570420,
    "end": 1536649570422,
    "duration": 2,
    "pid": 27744,
    "index": 34
  },
  {
    "name": "Require(28) node_modules/egg-i18n/app/extend/context.js",
    "start": 1536649570422,
    "end": 1536649570423,
    "duration": 1,
    "pid": 27744,
    "index": 35
  },
  {
    "name": "Require(29) node_modules/egg-multipart/app/extend/context.js",
    "start": 1536649570423,
    "end": 1536649570544,
    "duration": 121,
    "pid": 27744,
    "index": 36
  },
  {
    "name": "Require(30) node_modules/egg-view/app/extend/context.js",
    "start": 1536649570545,
    "end": 1536649570546,
    "duration": 1,
    "pid": 27744,
    "index": 37
  },
  {
    "name": "Require(31) node_modules/egg/app/extend/context.js",
    "start": 1536649570546,
    "end": 1536649570556,
    "duration": 10,
    "pid": 27744,
    "index": 38
  },
  {
    "name": "Load extend/helper.js",
    "start": 1536649570557,
    "end": 1536649570592,
    "duration": 35,
    "pid": 27744,
    "index": 39
  },
  {
    "name": "Require(32) node_modules/egg-security/app/extend/helper.js",
    "start": 1536649570557,
    "end": 1536649570590,
    "duration": 33,
    "pid": 27744,
    "index": 40
  },
  {
    "name": "Require(33) node_modules/egg/app/extend/helper.js",
    "start": 1536649570591,
    "end": 1536649570591,
    "duration": 0,
    "pid": 27744,
    "index": 41
  },
  {
    "name": "Load app.js",
    "start": 1536649570592,
    "end": 1536649570765,
    "duration": 173,
    "pid": 27744,
    "index": 42
  },
  {
    "name": "Require(34) node_modules/egg-session/app.js",
    "start": 1536649570592,
    "end": 1536649570593,
    "duration": 1,
    "pid": 27744,
    "index": 43
  },
  {
    "name": "Require(35) node_modules/egg-security/app.js",
    "start": 1536649570593,
    "end": 1536649570595,
    "duration": 2,
    "pid": 27744,
    "index": 44
  },
  {
    "name": "Require(36) node_modules/egg-onerror/app.js",
    "start": 1536649570595,
    "end": 1536649570609,
    "duration": 14,
    "pid": 27744,
    "index": 45
  },
  {
    "name": "Require(37) node_modules/egg-i18n/app.js",
    "start": 1536649570631,
    "end": 1536649570701,
    "duration": 70,
    "pid": 27744,
    "index": 46
  },
  {
    "name": "Require(38) node_modules/egg-watcher/app.js",
    "start": 1536649570704,
    "end": 1536649570707,
    "duration": 3,
    "pid": 27744,
    "index": 47
  },
  {
    "name": "Before Start in node_modules/egg-watcher/app.js:15:7",
    "start": 1536649570717,
    "end": 1536649571156,
    "duration": 439,
    "pid": 27744,
    "index": 48
  },
  {
    "name": "Require(39) node_modules/egg-multipart/app.js",
    "start": 1536649570718,
    "end": 1536649570732,
    "duration": 14,
    "pid": 27744,
    "index": 49
  },
  {
    "name": "Require(40) node_modules/egg-development/app.js",
    "start": 1536649570732,
    "end": 1536649570733,
    "duration": 1,
    "pid": 27744,
    "index": 50
  },
  {
    "name": "Require(41) node_modules/egg-schedule/app.js",
    "start": 1536649570733,
    "end": 1536649570735,
    "duration": 2,
    "pid": 27744,
    "index": 51
  },
  {
    "name": "Require(42) node_modules/egg-logrotator/app.js",
    "start": 1536649570763,
    "end": 1536649570764,
    "duration": 1,
    "pid": 27744,
    "index": 52
  },
  {
    "name": "Require(43) node_modules/egg-static/app.js",
    "start": 1536649570764,
    "end": 1536649570764,
    "duration": 0,
    "pid": 27744,
    "index": 53
  },
  {
    "name": "Load Service",
    "start": 1536649570765,
    "end": 1536649570767,
    "duration": 2,
    "pid": 27744,
    "index": 54
  },
  {
    "name": "Load \"service\" to Context",
    "start": 1536649570765,
    "end": 1536649570767,
    "duration": 2,
    "pid": 27744,
    "index": 55
  },
  {
    "name": "Load Middleware",
    "start": 1536649570767,
    "end": 1536649571118,
    "duration": 351,
    "pid": 27744,
    "index": 56
  },
  {
    "name": "Load \"middlewares\" to Application",
    "start": 1536649570768,
    "end": 1536649571104,
    "duration": 336,
    "pid": 27744,
    "index": 57
  },
  {
    "name": "Load Controller",
    "start": 1536649571118,
    "end": 1536649571131,
    "duration": 13,
    "pid": 27744,
    "index": 58
  },
  {
    "name": "Load \"controller\" to Application",
    "start": 1536649571118,
    "end": 1536649571131,
    "duration": 13,
    "pid": 27744,
    "index": 59
  },
  {
    "name": "Load Router",
    "start": 1536649571131,
    "end": 1536649571133,
    "duration": 2,
    "pid": 27744,
    "index": 60
  },
  {
    "name": "Require(44) app/router.js",
    "start": 1536649571131,
    "end": 1536649571131,
    "duration": 0,
    "pid": 27744,
    "index": 61
  },
  {
    "name": "Before Start in node_modules/egg-core/lib/egg.js:287:10",
    "start": 1536649571132,
    "end": 1536649571145,
    "duration": 13,
    "pid": 27744,
    "index": 62
  }
]