{
  "config": {
    "session": {
      "maxAge": 86400000,
      "key": "EGG_SESS",
      "httpOnly": true,
      "encrypt": true,
      "overwrite": true,
      "signed": true,
      "autoCommit": true,
      "encode": "<Function encode>",
      "decode": "<Function decode>",
      "genid": "<Function anonymous>"
    },
    "security": {
      "domainWhiteList": [],
      "protocolWhiteList": [],
      "defaultMiddleware": "csrf,hsts,methodnoallow,noopen,nosniff,csp,xssProtection,xframe,dta",
      "csrf": {
        "enable": true,
        "useSession": false,
        "ignoreJSON": false,
        "cookieName": "csrfToken",
        "sessionName": "csrfToken",
        "headerName": "x-csrf-token",
        "bodyName": "_csrf",
        "queryName": "_csrf",
        "matching": "<Function anonymous>"
      },
      "xframe": {
        "enable": true,
        "value": "SAMEORIGIN",
        "matching": "<Function anonymous>"
      },
      "hsts": {
        "enable": false,
        "maxAge": 31536000,
        "includeSubdomains": false
      },
      "dta": {
        "enable": true,
        "matching": "<Function anonymous>"
      },
      "methodnoallow": {
        "enable": true,
        "matching": "<Function anonymous>"
      },
      "noopen": {
        "enable": true,
        "matching": "<Function anonymous>"
      },
      "nosniff": {
        "enable": true,
        "matching": "<Function anonymous>"
      },
      "referrerPolicy": {
        "enable": false,
        "value": "no-referrer-when-downgrade"
      },
      "xssProtection": {
        "enable": true,
        "value": "1; mode=block",
        "matching": "<Function anonymous>"
      },
      "csp": {
        "enable": false,
        "policy": {}
      },
      "ssrf": {
        "ipBlackList": null,
        "checkAddress": null
      },
      "_protocolWhiteListSet": "<Set>"
    },
    "helper": {
      "shtml": {}
    },
    "jsonp": {
      "limit": 50,
      "callback": [
        "_callback",
        "callback"
      ],
      "csrf": false
    },
    "onerror": {
      "errorPageUrl": "",
      "appErrorFilter": null,
      "templatePath": "H:\\git-project\\multiple-wallet\\node_modules\\egg-onerror\\lib\\onerror_page.mustache"
    },
    "i18n": {
      "defaultLocale": "en_US",
      "dirs": [
        "H:\\git-project\\multiple-wallet\\node_modules\\egg-session\\config\\locales",
        "H:\\git-project\\multiple-wallet\\node_modules\\egg-security\\config\\locales",
        "H:\\git-project\\multiple-wallet\\node_modules\\egg-jsonp\\config\\locales",
        "H:\\git-project\\multiple-wallet\\node_modules\\egg-onerror\\config\\locales",
        "H:\\git-project\\multiple-wallet\\node_modules\\egg-i18n\\config\\locales",
        "H:\\git-project\\multiple-wallet\\node_modules\\egg-watcher\\config\\locales",
        "H:\\git-project\\multiple-wallet\\node_modules\\egg-multipart\\config\\locales",
        "H:\\git-project\\multiple-wallet\\node_modules\\egg-development\\config\\locales",
        "H:\\git-project\\multiple-wallet\\node_modules\\egg-schedule\\config\\locales",
        "H:\\git-project\\multiple-wallet\\node_modules\\egg-logrotator\\config\\locales",
        "H:\\git-project\\multiple-wallet\\node_modules\\egg-static\\config\\locales",
        "H:\\git-project\\multiple-wallet\\node_modules\\egg-view\\config\\locales",
        "H:\\git-project\\multiple-wallet\\node_modules\\egg\\config\\locales",
        "H:\\git-project\\multiple-wallet\\config\\locales"
      ],
      "queryField": "locale",
      "cookieField": "locale",
      "cookieMaxAge": "1y",
      "functionName": "__"
    },
    "watcher": {
      "type": "development",
      "eventSources": {
        "default": "H:\\git-project\\multiple-wallet\\node_modules\\egg-watcher\\lib\\event-sources\\default",
        "development": "H:\\git-project\\multiple-wallet\\node_modules\\egg-watcher\\lib\\event-sources\\development"
      }
    },
    "multipart": {
      "autoFields": false,
      "defaultCharset": "utf8",
      "fieldNameSize": 100,
      "fieldSize": 102400,
      "fields": 10,
      "fileSize": 10485760,
      "files": 10,
      "fileExtensions": [],
      "whitelist": null
    },
    "development": {
      "watchDirs": [],
      "ignoreDirs": [],
      "fastReady": false,
      "reloadOnDebug": true,
      "overrideDefault": false
    },
    "customLogger": {
      "scheduleLogger": {
        "consoleLevel": "NONE",
        "file": "H:\\git-project\\multiple-wallet\\logs\\multiple-wallet\\egg-schedule.log"
      }
    },
    "logrotator": {
      "filesRotateByHour": null,
      "hourDelimiter": "-",
      "filesRotateBySize": null,
      "maxFileSize": 52428800,
      "maxFiles": 10,
      "rotateDuration": 60000,
      "maxDays": 31
    },
    "static": {
      "prefix": "/public/",
      "dir": "H:\\git-project\\multiple-wallet\\app\\public",
      "dynamic": true,
      "preload": false,
      "buffer": false,
      "maxFiles": 1000,
      "files": "<LRU>"
    },
    "view": {
      "root": "H:\\git-project\\multiple-wallet\\app\\view",
      "cache": false,
      "defaultExtension": ".html",
      "defaultViewEngine": "",
      "mapping": {}
    },
    "env": "local",
    "name": "multiple-wallet",
    "keys": "<String len: 34>",
    "proxy": false,
    "protocolHeaders": "x-forwarded-proto",
    "ipHeaders": "x-forwarded-for",
    "hostHeaders": "",
    "pkg": {
      "name": "multiple-wallet",
      "version": "1.0.0",
      "description": "",
      "private": true,
      "dependencies": {
        "bigi": "^1.4.2",
        "coinstring": "^2.3.0",
        "ecurve": "^1.0.6",
        "egg": "^2.2.1",
        "egg-scripts": "^2.5.0",
        "randombytes": "^2.0.6"
      },
      "devDependencies": {
        "autod": "^3.0.1",
        "autod-egg": "^1.0.0",
        "egg-bin": "^4.3.5",
        "egg-ci": "^1.8.0",
        "egg-mock": "^3.14.0",
        "eslint": "^4.11.0",
        "eslint-config-egg": "^6.0.0",
        "webstorm-disable-index": "^1.2.0"
      },
      "engines": {
        "node": ">=8.9.0"
      },
      "scripts": {
        "start": "egg-scripts start --daemon --title=egg-server-multiple-wallet",
        "stop": "egg-scripts stop --title=egg-server-multiple-wallet",
        "dev": "egg-bin dev",
        "debug": "egg-bin debug",
        "test": "npm run lint -- --fix && npm run test-local",
        "test-local": "egg-bin test",
        "cov": "egg-bin cov",
        "lint": "eslint .",
        "ci": "npm run lint && npm run cov",
        "autod": "autod"
      },
      "ci": {
        "version": "8"
      },
      "repository": {
        "type": "git",
        "url": ""
      },
      "author": "xbc",
      "license": "MIT"
    },
    "baseDir": "H:\\git-project\\multiple-wallet",
    "HOME": "C:\\Users\\18938",
    "rundir": "H:\\git-project\\multiple-wallet\\run",
    "dump": {
      "ignore": "<Set>"
    },
    "confusedConfigurations": {
      "bodyparser": "bodyParser",
      "notFound": "notfound",
      "sitefile": "siteFile",
      "middlewares": "middleware",
      "httpClient": "httpclient"
    },
    "notfound": {
      "pageUrl": ""
    },
    "siteFile": {
      "/favicon.ico": "<Buffer len: 6463>"
    },
    "bodyParser": {
      "enable": true,
      "encoding": "utf8",
      "formLimit": "100kb",
      "jsonLimit": "100kb",
      "strict": true,
      "queryString": {
        "arrayLimit": 100,
        "depth": 5,
        "parameterLimit": 1000
      },
      "returnRawBody": true
    },
    "logger": {
      "dir": "H:\\git-project\\multiple-wallet\\logs\\multiple-wallet",
      "encoding": "utf8",
      "env": "local",
      "level": "INFO",
      "consoleLevel": "INFO",
      "disableConsoleAfterReady": false,
      "outputJSON": false,
      "buffer": true,
      "appLogName": "multiple-wallet-web.log",
      "coreLogName": "egg-web.log",
      "agentLogName": "egg-agent.log",
      "errorLogName": "common-error.log",
      "coreLogger": {
        "consoleLevel": "WARN"
      },
      "allowDebugAtProd": false,
      "type": "application"
    },
    "httpclient": {
      "enableDNSCache": false,
      "dnsCacheMaxLength": 1000,
      "dnsCacheMaxAge": 10000,
      "request": {
        "timeout": 5000
      },
      "httpAgent": {
        "keepAlive": true,
        "freeSocketKeepAliveTimeout": 4000,
        "maxSockets": 9007199254740991,
        "maxFreeSockets": 256
      },
      "httpsAgent": {
        "keepAlive": true,
        "freeSocketKeepAliveTimeout": 4000,
        "maxSockets": 9007199254740991,
        "maxFreeSockets": 256
      }
    },
    "meta": {
      "enable": true,
      "logging": false
    },
    "coreMiddleware": [
      "meta",
      "siteFile",
      "notfound",
      "static",
      "bodyParser",
      "overrideMethod",
      "session",
      "securities",
      "i18n",
      "eggLoaderTrace"
    ],
    "workerStartTimeout": 600000,
    "cluster": {
      "listen": {
        "path": "",
        "port": 7001,
        "hostname": ""
      }
    },
    "clusterClient": {
      "maxWaitTime": 60000,
      "responseTimeout": 60000
    },
    "onClientError": null,
    "middleware": [],
    "coreMiddlewares": "~config~coreMiddleware",
    "appMiddlewares": "~config~middleware",
    "appMiddleware": "~config~middleware",
    "multipartParseOptions": {
      "autoFields": false,
      "defCharset": "utf8",
      "limits": {
        "fieldNameSize": 100,
        "fieldSize": 102400,
        "fields": 10,
        "fileSize": 10485760,
        "files": 10
      },
      "checkFile": "<Function checkFile>"
    }
  },
  "plugins": {
    "session": {
      "enable": true,
      "package": "egg-session",
      "name": "session",
      "dependencies": [],
      "optionalDependencies": [],
      "env": [],
      "from": "H:\\git-project\\multiple-wallet\\node_modules\\egg\\config\\plugin.js",
      "path": "H:\\git-project\\multiple-wallet\\node_modules\\egg-session",
      "version": "3.1.0"
    },
    "security": {
      "enable": true,
      "package": "egg-security",
      "name": "security",
      "dependencies": [],
      "optionalDependencies": [
        "session"
      ],
      "env": [],
      "from": "H:\\git-project\\multiple-wallet\\node_modules\\egg\\config\\plugin.js",
      "path": "H:\\git-project\\multiple-wallet\\node_modules\\egg-security",
      "version": "2.4.0"
    },
    "jsonp": {
      "enable": true,
      "package": "egg-jsonp",
      "name": "jsonp",
      "dependencies": [],
      "optionalDependencies": [
        "security"
      ],
      "env": [],
      "from": "H:\\git-project\\multiple-wallet\\node_modules\\egg\\config\\plugin.js",
      "path": "H:\\git-project\\multiple-wallet\\node_modules\\egg-jsonp",
      "version": "2.0.0"
    },
    "onerror": {
      "enable": true,
      "package": "egg-onerror",
      "name": "onerror",
      "dependencies": [],
      "optionalDependencies": [
        "jsonp"
      ],
      "env": [],
      "from": "H:\\git-project\\multiple-wallet\\node_modules\\egg\\config\\plugin.js",
      "path": "H:\\git-project\\multiple-wallet\\node_modules\\egg-onerror",
      "version": "2.1.0"
    },
    "i18n": {
      "enable": true,
      "package": "egg-i18n",
      "name": "i18n",
      "dependencies": [],
      "optionalDependencies": [],
      "env": [],
      "from": "H:\\git-project\\multiple-wallet\\node_modules\\egg\\config\\plugin.js",
      "path": "H:\\git-project\\multiple-wallet\\node_modules\\egg-i18n",
      "version": "2.0.0"
    },
    "watcher": {
      "enable": true,
      "package": "egg-watcher",
      "name": "watcher",
      "dependencies": [],
      "optionalDependencies": [],
      "env": [],
      "from": "H:\\git-project\\multiple-wallet\\node_modules\\egg\\config\\plugin.js",
      "path": "H:\\git-project\\multiple-wallet\\node_modules\\egg-watcher",
      "version": "3.0.0"
    },
    "multipart": {
      "enable": true,
      "package": "egg-multipart",
      "name": "multipart",
      "dependencies": [],
      "optionalDependencies": [],
      "env": [],
      "from": "H:\\git-project\\multiple-wallet\\node_modules\\egg\\config\\plugin.js",
      "path": "H:\\git-project\\multiple-wallet\\node_modules\\egg-multipart",
      "version": "2.1.0"
    },
    "development": {
      "enable": true,
      "package": "egg-development",
      "name": "development",
      "dependencies": [
        "watcher"
      ],
      "optionalDependencies": [],
      "env": [
        "local"
      ],
      "from": "H:\\git-project\\multiple-wallet\\node_modules\\egg\\config\\plugin.js",
      "path": "H:\\git-project\\multiple-wallet\\node_modules\\egg-development",
      "version": "2.4.1"
    },
    "schedule": {
      "enable": true,
      "package": "egg-schedule",
      "name": "schedule",
      "dependencies": [],
      "optionalDependencies": [],
      "env": [],
      "from": "H:\\git-project\\multiple-wallet\\node_modules\\egg\\config\\plugin.js",
      "path": "H:\\git-project\\multiple-wallet\\node_modules\\egg-schedule",
      "version": "3.4.0"
    },
    "logrotator": {
      "enable": true,
      "package": "egg-logrotator",
      "name": "logrotator",
      "dependencies": [
        "schedule"
      ],
      "optionalDependencies": [],
      "env": [],
      "from": "H:\\git-project\\multiple-wallet\\node_modules\\egg\\config\\plugin.js",
      "path": "H:\\git-project\\multiple-wallet\\node_modules\\egg-logrotator",
      "version": "3.0.3"
    },
    "static": {
      "enable": true,
      "package": "egg-static",
      "name": "static",
      "dependencies": [],
      "optionalDependencies": [],
      "env": [],
      "from": "H:\\git-project\\multiple-wallet\\node_modules\\egg\\config\\plugin.js",
      "path": "H:\\git-project\\multiple-wallet\\node_modules\\egg-static",
      "version": "2.1.1"
    },
    "view": {
      "enable": true,
      "package": "egg-view",
      "name": "view",
      "dependencies": [],
      "optionalDependencies": [],
      "env": [],
      "from": "H:\\git-project\\multiple-wallet\\node_modules\\egg\\config\\plugin.js",
      "path": "H:\\git-project\\multiple-wallet\\node_modules\\egg-view",
      "version": "2.1.0"
    }
  }
}